AccessController53,A094G67
AccessControlMachine78,A58192Z
AccessControlMachineA8,A58192Z
AccessControlMachineK1,A58192Z
AccessControlMachineY2,A58192Z
AccessControlSystem78,A4158M9
AdapterRing49,A794O23
AdapterRing70,A794O23
AidedDesign24,A59027Z
AidedDesign56,A59027Z
AidedDesign81,A59027Z
AidedDesign96,A59027Z
AidedDesignV1,A59027Z
Air-ConditioningFan21,A50L172
Air-ConditioningFan38,A50L172
Air-ConditioningFan51,A50L172
Air-ConditioningFan79,A50L172
Air-ConditioningFan81,A50L172
AirConditioner27,A35J746
AirConditioner38,A35J746
AirConditioner71,A35J746
AirConditioner85,A35J746
AirConditionerF9,A35J746
AirPurifierD4,AE80564
AirPurifierO6,AE80564
AirPurifierV6,AE80564
All-In-OnePrintingMachine57,AA85346
All-In-OnePrintingMachineW9,AA85346
AllInOneComputerT0,A31Y204
AntennaSystem39,AU79605
Anti-SlipMobilePhone15,A273M51
Anti-SlipMobilePhone26,A273M51
Anti-SlipMobilePhone87,A273M51
Anti-SlipMobilePhoneP4,A273M51
Anti-SlipMobilePhoneP9,A273M51
Anti-TheftAlarmHost23,A37260X
Anti-TheftAlarmHost50,A37260X
Anti-TheftAlarmHost87,A37260X
Anti-TheftAlarmHostN4,A37260X
Anti-TheftAlarmHostW0,A37260X
AntivirusAndEmailFiltering05,A08264O
AntivirusAndEmailFiltering47,A08264O
AntivirusAndEmailFiltering70,A08264O
AntivirusAndEmailFiltering80,A08264O
AntivirusAndEmailFilteringE7,A08264O
AntivirusSoftware09,A392R56
AntivirusSoftwareP9,A392R56
ApplicationSupervision29,AE91287
AttendanceMachine24,A4A8763
AttendanceMachine76,A4A8763
AttendanceMachineW1,A4A8763
AudioAndVideoCableP6,A02N847
BarcodeAndCardReadingEquipment20,B830R57
BarcodeAndCardReadingEquipment27,B830R57
BarcodeAndCardReadingEquipment34,B830R57
BarcodeAndCardReadingEquipment70,B830R57
BarcodeAndCardReadingEquipment71,B830R57
Barebones71,B306F21
BillingSystem06,BP82450
BillingSystemC5,BP82450
BillingSystemI2,BP82450
BindingMachine56,BE04182
BindingMachineM0,BE04182
Binoculars12,B8E1796
BinocularsJ1,B8E1796
Blu-RayPlayer63,B56K283
Blu-RayPlayerD5,B56K283
Blu-RayPlayerG1,B56K283
BluetoothAdapter64,B189A57
BluetoothAdapterL1,B189A57
BluetoothAdapterP2,B189A57
BuildingIntercom04,B239N58
BuildingIntercom75,B239N58
BuildingIntercom95,B239N58
BuildingIntercomO1,B239N58
Cabinet07,C2056I7
Cabinet97,C2056I7
CabinetS3,C2056I7
CabinetZ3,C2056I7
CabinetZ4,C2056I7
CableAdapterCardN9,CM46520
CableJ6,C97014N
CallCenterC9,C8739R1
Camera35,C91D367
Camera95,C91D367
CameraBag51,C37A594
CameraBagA2,C37A594
CameraBagI1,C37A594
CameraBagX6,C37A594
CameraBattery09,C3752Y9
CameraBattery26,C3752Y9
CameraBattery40,C3752Y9
CameraBatteryO2,C3752Y9
CameraFilm45,C58G293
CameraFilmO0,C58G293
CameraFilmQ3,C58G293
CameraRemoteK4,C98142A
CameraRemoteO4,C98142A
CardPrinterP8,C9W7563
CardReader59,C741G20
CardReaderL3,C741G20
CardReaderQ0,C741G20
CardReaderQ9,C741G20
CarEquipment35,CZ28413
CarEquipment57,CZ28413
CarEquipment58,CZ28413
CarEquipment85,CZ28413
CarEquipmentS3,CZ28413
CasetteLibrary26,C95F078
CasetteLibraryD5,C95F078
CasetteLibraryI1,C95F078
CasetteLibraryJ4,C95F078
CasetteLibraryT2,C95F078
CashRegister06,C634K72
CashRegister62,C634K72
CashRegister74,C634K72
CashRegisterM3,C634K72
CashRegisterY2,C634K72
Cd-Rom02,CO19853
Cd-Rom67,CO19853
Cd-RomBox49,CF29758
Cd-RomBox81,CF29758
Cd-RomBox87,CF29758
Cd24,C2F0671
Cd49,C2F0671
Cd74,C2F0671
Cd95,C2F0671
CdDuplicator58,C63081N
CdPrintRecorder13,C78629B
CdPrintRecorder57,C78629B
CdPrintRecorder59,C78629B
CdPrintRecorderL8,C78629B
CdX0,C2F0671
CellPhoneBattery21,C681E75
CellphoneDataLine14,C7G8396
CellphoneDataLine26,C7G8396
CellphoneDataLineP5,C7G8396
CentralControlSystem74,C2B7139
CentralControlSystemO7,C2B7139
CentralControlSystemU8,C2B7139
CentralWaterHeater34,CC50327
CentralWaterHeaterI0,CC50327
CentralWaterHeaterV6,CC50327
CentralWaterHeaterX5,CC50327
Charger01,C48967S
Charger07,C48967S
ChargerD9,C48967S
ChargerF5,C48967S
ChargerU3,C48967S
Chassis83,CN93120
ChassisZ1,CN93120
CleaningAndMaintenance12,C46258Y
CleaningAndMaintenanceD0,C46258Y
CleaningAndMaintenanceE5,C46258Y
CleaningAndMaintenanceY4,C46258Y
Cluster15,C96H382
ClusterH8,C96H382
ClusterR4,C96H382
Codec76,C45R631
Codec97,C45R631
CodecH2,C45R631
CoffeeMachine86,C6C1349
CoffeeMachineK4,C6C1349
CoffeeMachineL7,C6C1349
ColdLaminator63,C9520Y6
ColdLaminator86,C9520Y6
ColdLaminatorK3,C9520Y6
ColdLaminatorV6,C9520Y6
ColorManagementX0,C6C1543
CommunicationSoftware13,C367T20
CommunicationSoftware34,C367T20
CommunicationSoftware60,C367T20
ComputerFingerprintEncryptionLock04,C1F0953
ComputerFingerprintEncryptionLock83,C1F0953
ComputerFingerprintEncryptionLockE3,C1F0953
ComputerRemoteControl02,C7826A5
ComputerRemoteControlG0,C7826A5
ComputerRemoteControlN5,C7826A5
ComputerTerminal43,CG63821
ConnectingLine13,C186H47
ConnectingLine29,C186H47
ConnectingLine54,C186H47
ConnectingLine92,C186H47
Console71,C2698S3
ConsoleA3,C2698S3
Converter21,C04R672
ConverterE1,C04R672
ConverterR3,C04R672
Cpu37,C02614Q
Cpu38,C02614Q
Cpu60,C02614Q
Cpu68,C02614Q
CursorMarkingMachine03,CY08734
CursorMarkingMachine84,CY08734
CursorMarkingMachineR0,CY08734
CursorMarkingMachineZ7,CY08734
CustomerManagementSoftwareCrm36,CS90168
CustomerManagementSoftwareCrm49,CS90168
CustomerManagementSoftwareCrm50,CS90168
CustomerManagementSoftwareCrmW1,CS90168
CuttingPlotterD4,C21057Z
DatabaseSoftware09,DR28405
DatabaseSoftwareO6,DR28405
DatabaseSoftwareT5,DR28405
Dehumidifier97,D51962U
DehumidifierG3,D51962U
DehumidifierK8,D51962U
DehumidifierP0,D51962U
DehumidifierT0,D51962U
DesktopPc48,D0Q2543
DesktopPc74,D0Q2543
DesktopPc78,D0Q2543
DesktopPcP3,D0Q2543
DesktopPcZ6,D0Q2543
DestroyEquipment06,D7Y5182
DestroyEquipment65,D7Y5182
DestroyEquipmentM9,D7Y5182
DevelopSoftware23,D93P178
DigitalAccessoriesD7,DD18704
DigitalAccessoriesL9,DD18704
DigitalCamera56,D50A198
DigitalCamera75,D50A198
DigitalCamera85,D8560Q1
DigitalCamera90,D50A198
DigitalCameraS4,D50A198
DigitalFrame12,D68950Z
DigitalFrame48,D68950Z
DigitalFrameE7,D68950Z
DigitalMobileTv28,D0W8356
DigitalMobileTv84,D0W8356
DigitalMobileTvH2,D0W8356
DigitalMobileTvO8,D0W8356
DigitalMobileTvZ2,D0W8356
Digitizer29,D1G4290
Digitizer39,D1G4290
Digitizer54,D1G4290
Digitizer56,D1G4290
DigitizerX4,D1G4290
Dishwasher18,D230D47
Dishwasher20,D230D47
Dishwasher49,D230D47
DishwasherM7,D230D47
DisinfectionCabinetQ0,DB83217
DisinfectionCabinetQ3,DB83217
DisinfectionCabinetX2,DB83217
DiskArray34,D7903R1
DiskArray38,D7903R1
DiskArray57,D7903R1
DiskArrayM7,D7903R1
DisplayChipB4,DE13695
DotMatrixPrinter76,D8150P6
DotMatrixPrinterK1,D8150P6
DotMatrixPrinterS4,D8150P6
DotMatrixPrinterV1,D8150P6
DvdPlayer78,DT47956
DvdPlayer89,DT47956
DvdPlayerG0,DT47956
DvrE9,D56294N
DvrL0,D56294N
DyeSublimationPrinter41,D265U39
DyeSublimationPrinterA3,D265U39
DyeSublimationPrinterW3,D265U39
DyeSublimationPrinterY6,D265U39
E-Book16,E7R6098
E-Book87,E7R6098
E-BookD6,E7R6098
E-BookF8,E7R6098
Earphone27,E895N12
Earphone49,E895N12
EarphoneP5,E895N12
EarphoneV5,E895N12
ElectricBakingPan74,EU82057
ElectricBakingPanC6,EU82057
ElectricBakingPanN2,EU82057
ElectricFan12,EZ12538
ElectricFanE2,EZ12538
ElectricFanS3,EZ12538
ElectricFanU8,EZ12538
ElectricFencF6,ER04531
ElectricHeater39,E8T2037
ElectricHeaterE3,E8T2037
ElectricHeaterP7,E8T2037
ElectricHeaterR1,E8T2037
ElectricIron24,EE05684
ElectricIronB1,EE05684
ElectricIronD4,EE05684
ElectricIronD7,EE05684
ElectricKettleR3,E2L5374
ElectricToothbrush21,E738Y40
ElectricToothbrushX5,E738Y40
ElectronicDictionary67,E6N2308
ElectronicDictionary86,E6N2308
ElectronicDictionaryG3,E6N2308
Epilator24,E4280M5
EpilatorA8,E4280M5
EpilatorO0,E4280M5
EpilatorR1,E4280M5
EpilatorW2,E4280M5
ExhaustFanD8,E9G8372
FaxMachineCopierD4,F8E7125
FaxMachineCopierV8,F8E7125
FaxMachineCopierY2,F8E7125
FiberEquipment38,FG91426
FiberEquipmentB0,FG91426
FiberEquipmentC4,FG91426
FiberEquipmentF2,FG91426
FiberEquipmentH6,FG91426
FiberOpticCable39,F40365I
FiberOpticCableI3,F40365I
FiberOpticCableT6,F40365I
Filter19,FJ71643
Filter91,FJ71643
FirewallX5,F4K6753
Flash95,F790I64
FlashAccessories02,F76983D
FlashAccessories19,F76983D
FlashAccessories41,F76983D
FlashAccessories76,F76983D
FlashCard87,F6L2495
FlashCard95,F6L2495
FlashCardG3,F6L2495
FlashCardU8,F6L2495
FlashU8,F790I64
FlatFilm07,FK39705
FlatFilm23,FK39705
FlatFilm27,FK39705
FlatFilm91,FK39705
FlatFilmT9,FK39705
FocusingScreenP9,F9N8470
FocusingScreenR8,F9N8470
FocusingScreenU5,F9N8470
FocusingScreenU7,F9N8470
FocusingScreenU8,F9N8470
FootBathEyeProtectionLamp14,F1L0847
FootBathEyeProtectionLamp74,F1L0847
FootBathEyeProtectionLampG9,F1L0847
Freezer65,F9135R4
Freezer85,F9135R4
FreezerP7,F9135R4
FruitAndVegetableWashingMachineF9,F24170J
FruitAndVegetableWashingMachineL2,F24170J
FruitAndVegetableWashingMachineU6,F24170J
FruitAndVegetableWashingMachineX1,F24170J
FruitAndVegetableWashingMachineX6,F24170J
FunctionServerE7,FC40169
FunctionServerO8,FC40169
GameChargerA5,G9372K0
GameChargerG5,G9372K0
GameChargerK2,G9372K0
GameChargerN0,G9372K0
GameChargerZ3,G9372K0
GameConsoleBattery25,G80142H
GameConsoleBattery50,G80142H
GameConsoleBatteryB1,G80142H
GameConsoleBatteryZ5,G80142H
GameConsoleFilmN2,G427L06
GameConsoleFilmN3,G427L06
GameConsoleMemory17,G75X306
GameJoystick05,G8573U9
GameLightGunGamePeripheral93,G053V91
GameLightGunGamePeripheralL5,G053V91
GameMachineWire80,G071O86
GameMachineWire89,G071O86
GameMachineWire98,G071O86
GameMachineWireH5,G071O86
GamePackL5,GS13927
GamePackW4,GS13927
GasStoves79,G58A216
GasWaterHeaterB3,GC81302
GasWaterHeaterF4,GC81302
GasWaterHeaterF8,GC81302
GasWaterHeaterN7,GC81302
GasWaterHeaterS7,GC81302
Gps07,G21467A
Gps21,G21467A
GpsE3,G21467A
GpsI3,G21467A
GraphicsCardC0,G70Z416
HairDryer59,H362I81
HairDryerX7,H362I81
Hand-HeldGamingDeviceD7,H7Y6824
Hand-HeldGamingDeviceL3,H7Y6824
Hand-HeldGamingDeviceN2,H7Y6824
Hand-HeldGamingDeviceO6,H7Y6824
Hand-HeldGamingDeviceR5,H7Y6824
HandwritingInputE9,H4239U1
HardDisk51,H239M48
HardDisk52,H9842K1
HardDiskA7,H5684K7
HardDiskExtractionBox93,H18Z450
HardDiskExtractionBox95,H18Z450
HardDiskExtractionBoxA4,H18Z450
HardDiskRecording82,H8713D4
HardDiskRecordingT5,H8713D4
HeatSink10,H64578X
HeatSink24,H64578X
HeatSink95,H64578X
HomeTheater30,HW53167
HomeTheater94,HW53167
Hood15,H089L35
HoodB4,H089L35
HoodP6,H089L35
HoodX9,H089L35
HotelEntertainment63,HI14706
HotelEntertainment81,HI14706
HotelEntertainmentV4,HI14706
HotPot14,H7143H9
HotPot92,H7143H9
HotPotI6,H7143H9
HotPotJ2,H7143H9
HumidifierE8,HD86793
HumidifierF6,HD86793
HumidifierY1,HD86793
HumidifierY5,HD86793
HumidifierZ4,HD86793
ImageAlarm30,I36Z941
ImageAlarm41,I36Z941
ImageAlarm54,I36Z941
ImageAlarmA1,I36Z941
ImageAlarmM3,I36Z941
ImageSoftwareTypesettingSoftware28,I1M6430
ImageSoftwareTypesettingSoftwareC6,I1M6430
ImageSoftwareTypesettingSoftwareP6,I1M6430
InductionCooker21,I8206B5
InductionCookerD2,I8206B5
InductionCookerE7,I8206B5
InductionDetector38,IY01329
IndustrialControlEquipment34,I94V518
IndustrialControlEquipment60,I94V518
IndustrialControlEquipmentB7,I94V518
IndustrialNetworkSwitchA7,I072X68
IndustrialNetworkSwitchR2,I072X68
InfraredAdapterS3,I79Y023
InkCartridgeC4,I41V392
InkCartridgeO9,I41V392
InkCartridgeU4,I41V392
InkCartridgeX2,I41V392
InkjetPrintersS4,IQ87164
InkjetPrintersW0,IQ87164
IntegratedWiringZ2,I53862I
InternetBehaviorManagement96,I357B21
InternetBehaviorManagementG2,I357B21
InternetLivingRoomFitnessW4,I436H05
IntranetSecurityNetworkVulnerabilityScanningP0,IZ80719
IsbnPrinterA3,I291Q38
IsbnPrinterW6,I291Q38
JuicerJ9,JS30927
Keyboard28,K7458M2
KeyboardAndMouseSet73,K62879Z
KeyboardAndMouseSet74,K62879Z
KeyboardAndMouseSet90,K62879Z
KeyboardAndMouseSetF3,K62879Z
KeyboardS0,K7458M2
LabelPrinterA6,L60241X
LaminatingMachineC3,LR91308
LaminatingMachineE3,LR91308
LaminatingMachineV6,LR91308
LaminatingMachineY9,LR91308
LaminatorMoDrive12,L0528N6
LaminatorMoDrive26,L0528N6
LaminatorMoDriveH2,L0528N6
LaminatorMoDriveP4,L0528N6
Laptop'SBatteryT2,L7B6430
Laptop78,L8N0649
LaptopA9,L8N0649
LaptopC6,L8N0649
LaptopDesk43,L7P4035
LaptopDesk45,L7P4035
LaptopDesk56,L7P4035
LaptopDisplay24,L8930C4
LaptopDisplayF0,L8930C4
LaptopDockingStation45,L17546O
LaptopDockingStation94,L17546O
LaptopDockingStationF9,L17546O
LaptopDockingStationQ9,L17546O
LaptopI7,L8N0649
LaptopPowerAdapter37,L504L71
LaptopPowerAdapterD3,L504L71
LargeFormatPrinter95,L92148E
LargeFormatPrinterD9,L92148E
LargeFormatPrinterT5,L92148E
LargeFormatPrinterW0,L92148E
LaserPointersAndPresentersD7,L29837Y
LaserPointersAndPresentersE8,L29837Y
LaserPointersAndPresentersS3,L29837Y
LaserPointersAndPresentersV2,L29837Y
LaserPrinterC5,L0X9362
LaserPrinterT5,L0X9362
LcdMonitor47,L5T1069
LcdTv45,L891S65
LcdTvG1,L891S65
LcdTvS3,L891S65
LcdTvV7,L891S65
LensCap93,L903I17
LensCapN9,L903I17
LensCapR5,L903I17
LensCapU7,L903I17
LensD7,LO12047
LensI9,LO12047
LensQ4,LO12047
LightningProtectionProducts26,L47869Q
LightningProtectionProductsD6,L47869Q
LightningProtectionProductsE4,L47869Q
LightningProtectionProductsK9,L47869Q
LightningProtectionProductsV0,L47869Q
LinePrinter31,L15649H
LinePrinterX7,L15649H
LoadBalancing61,L85R920
LoadBalancingD6,L85R920
LoadBalancingK8,L85R920
LoadBalancingY3,L85R920
LoadBalancingY7,L85R920
MailServerSoftware74,M48J309
Massager63,M62870K
Massager82,M62870K
MassagerU3,M62870K
Micro-WaveOvenJ2,M108M47
MicrophoneDigitalCompanion60,MR92570
MicrophoneDigitalCompanion64,MR92570
MicrophoneDigitalCompanionF7,MR92570
MicrophoneDigitalCompanionX4,MR92570
MicroscopeU0,M713N46
Minicomputer24,ML18593
MobileHardDisk42,M2348K0
MobileHardDisk72,M2348K0
MobilePhone49,MR46392
MobilePhone56,MR46392
MobilePhoneBaseX8,M70628E
MobilePhoneCarAccessories21,M79W815
MobilePhoneCarAccessories90,M79W815
MobilePhoneCarAccessoriesR1,M79W815
MobilePhoneCarAccessoriesW6,M79W815
MobilePhoneCharger07,M40V792
MobilePhoneChargerD7,M40V792
MobilePhoneChargerF9,M40V792
MobilePhoneCompanion86,MG73026
MobilePhoneCompanionI6,MG73026
MobilePhoneFilm18,M0467E1
MobilePhoneFilm78,M0467E1
MobilePhoneFilmH3,M0467E1
MobilePhoneFilmZ7,M0467E1
MobilePhoneJ2,MR46392
MobilePhoneStylus63,M9P8604
MobilePhoneStylusX9,M9P8604
MobilePower20,M97X845
MobilePowerK1,M97X845
MobilePowerN6,M97X845
MobilePowerO4,M97X845
MobilePowerV4,M97X845
ModularInterfaceCardHub47,M859T76
ModularInterfaceCardHub96,M859T76
MoneyCounter63,MC32085
MoneyCounterA3,MC32085
Monitor57,M328K91
Monitor75,M85D039
Monitor84,M328K91
MonitorB2,M328K91
MonitorF1,M328K91
MonitorH7,M85D039
MonitorO3,M85D039
MonitorU9,M328K91
Monocular31,M8I1749
Monocular54,M8I1749
MonocularC0,M8I1749
MonocularY1,M8I1749
MotherboardA2,M5809H7
MotherboardChipsetK8,M320L69
MotherboardChipsetY5,M320L69
MotherboardP7,M5809H7
MotherboardZ4,M5809H7
Mouse12,M6328D7
Mouse94,M6328D7
MouseB8,M6328D7
MouseFootStickerK1,ME59832
MouseG8,M6328D7
MousePad98,M489T70
Mp3A1,M2589S0
Mp405,M9J6453
Mp437,M9J6453
Mp4C9,M9J6453
Mp4O7,M9J6453
Mp4Z2,M9J6453
Multifunctional31,M421X86
Multifunctional39,M421X86
Multifunctional48,M421X86
MultifunctionalF7,M421X86
MultifunctionalT4,M421X86
Multimedia39,M4329T8
Multimedia49,M4329T8
MultimediaSoftwareA8,M4Y8765
Multiplexer89,MM72065
MultiplexerL3,MM72065
MultiplexerL4,MM72065
NetworkCardC7,N89L425
NetworkCardG1,N89L425
NetworkCardZ5,N89L425
NetworkExtenderA0,N74Y235
NetworkExtenderB5,N74Y235
NetworkExtenderL1,N74Y235
NetworkManagementAndBackupSoftwarevirtualizationSoftware51,N2364L9
NotebookAccessories20,N62Z458
NotebookAccessories35,N62Z458
NotebookAccessoriesA4,N62Z458
NotebookAccessoriesA6,N62Z458
NotebookAccessoriesA7,N62Z458
NotebookCase03,N13J804
NotebookCase47,N13J804
NotebookCaseF3,N13J804
NotebookCaseP4,N13J804
NotebookCaseZ1,N13J804
NotebookFilm95,NY39107
NotebookFilmY0,NY39107
NotebookFilmZ1,NY39107
OfficeEquipmentAccessories10,O9F4205
OfficeEquipmentAccessories21,O9F4205
OfficeEquipmentAccessories24,O9F4205
OfficeEquipmentAccessories73,O9F4205
OfficeEquipmentAccessoriesI1,O9F4205
OfficeSoftware20,O8C6513
OfficeSoftwareD7,O8C6513
OfficeSoftwareS9,O8C6513
OfficeSoftwareT1,O8C6513
OnlineTelephone15,O032T69
OnlineTelephoneO8,O032T69
OperatingSystemH9,O36987R
OperatingSystemY5,O36987R
OpticalTransceiver15,OP18549
OpticalTransceiver40,OP18549
OpticalTransceiver46,OP18549
OpticalTransceiver76,OP18549
OtherAccessoriesQ9,O853L07
Pager17,P6O1843
PaperCutter64,P02C741
PaperCutter65,P02C741
PaperCutterI4,P02C741
PaperCutterV5,P02C741
Pbx05,P7604Q5
Pbx06,P7604Q5
Pbx69,P7604Q5
Pbx97,P7604Q5
PbxW9,P7604Q5
PedometerC2,P20O395
PedometerT4,P20O395
PhoneVoiceCardC4,P1D2567
PhotoBox56,P4052D1
PhotoBox60,P4052D1
PhotoBox94,P4052D1
PhotoBoxP3,P4052D1
PhotoBoxU2,P4052D1
PhotocopyingMachineS8,P45Q120
PhysicalSecurityIsolation35,P41857Y
PhysicalSecurityIsolation71,P41857Y
PhysicalSecurityIsolationD9,P41857Y
PhysicalSecurityIsolationN5,P41857Y
PlasmaTv10,P15647X
PocketPc24,P09Y825
PocketPc54,P09Y825
PocketPcE0,P09Y825
PocketPcN8,P09Y825
PocketPcV3,P09Y825
PowerAmplifier15,P56U187
PowerAmplifierA3,P56U187
PowerAmplifierJ9,P56U187
PowerLineCommunicationEquipment94,PI37560
PowerLineCommunicationEquipmentZ2,PI37560
PowerSupply63,P968H24
PrecisionAirConditioner90,P3650F7
PrecisionAirConditionerG9,P3650F7
PrecisionAirConditionerI6,P3650F7
PrecisionAirConditionerK4,P3650F7
PrecisionAirConditionerK9,P3650F7
PressureCookerP8,P6398B4
PressureCookerS7,P6398B4
PrinterH8,P8130N9
PrinterY4,P8130N9
PrintMedia70,PY35974
PrintMediaD1,PY35974
PrintMediaL2,PY35974
PrintMediaP9,PY35974
PrintMediaY8,PY35974
PrintServer04,P1275R8
PrintServer18,P1275R8
PrintServerV0,P1275R8
PrintServerX4,P1275R8
Program-ControlledSwitchB0,P9L0284
Program-ControlledSwitchD8,P9L0284
Program-ControlledSwitchS2,P9L0284
Program-ControlledSwitchS6,P9L0284
Program-ControlledSwitchZ8,P9L0284
RadioYogurtMaker75,R81O564
RadioYogurtMaker82,R81O564
RadioYogurtMaker92,R81O564
RadioYogurtMakerP4,R81O564
RadioYogurtMakerR4,R81O564
Ram93,R6K1395
RamY9,R6K1395
RamZ7,R6K1395
RangeHood35,R796N84
RangeHoodC9,R796N84
RangeHoodE2,R796N84
RangeHoodI8,R796N84
RangeHoodO1,R796N84
Razor72,R6713Q9
ReadingMachine54,R58049A
ReadingMachineQ3,R58049A
RealEstateL1,R2I4560
RealEstateW0,R2I4560
ReceiptPrinter06,RC12709
ReceiptPrinter76,RC12709
RecordingPenA3,R7248S9
RecordingPenM2,R7248S9
RecordingPenR9,R7248S9
RefrigeratorZ7,R39U102
RemoteControl83,R243J08
RemoteControlI4,R243J08
RemoteControlJ8,R243J08
RemoteControlL3,R243J08
RemoteControlU8,R243J08
Repeater18,R54810N
Repeater97,R54810N
RepeaterB1,R54810N
RepeaterK4,RZ42653
RepeaterV9,RZ42653
Ribbon17,R04W892
Ribbon48,R04W892
RibbonD5,R04W892
RibbonS0,R04W892
RiceCooker18,R45327J
Router48,R5F0782
Router92,R5F0782
RouterB5,R5F0782
RouterX4,R5F0782
SaasSoftware94,SR61908
SaasSoftwareE0,SR61908
SaasSoftwareK7,SR61908
SaasSoftwareY1,SR61908
SaasSoftwareZ5,SR61908
Scanner21,SB01298
Scanner43,SB01298
Scanner87,SB01298
ScannerO9,SB01298
ScreenSplitter58,S7K6834
ScreenSplitterA3,S7K6834
ScreenSplitterB7,S7K6834
ScreenSplitterN4,S7K6834
ScreenSplitterX5,S7K6834
SecurityCamera25,S86042Z
SecurityCamera42,S86042Z
SecurityCameraS5,S86042Z
SecurityCameraY2,S86042Z
SerialCommunicationServer64,S2180L4
SerialCommunicationServer74,S2180L4
SerialCommunicationServerE9,S2180L4
SerialCommunicationServerN8,S2180L4
SerialCommunicationServerP5,S2180L4
Server40,S0912X5
Server43,S0912X5
ServerAccessories10,S92348F
ServerAccessories38,S92348F
ServerAccessoriesC2,S92348F
ServerAccessoriesO3,S92348F
ServerBarebones96,SE17564
ServerBarebonesH4,SE17564
ServerBarebonesM0,SE17564
ServerBarebonesT3,SE17564
ServerChassis71,S7Z8134
ServerChassis79,S7Z8134
ServerChassisH9,S7Z8134
ServerHardDrive17,S2501J4
ServerHardDrive65,S2501J4
ServerHardDriveB3,S2501J4
ServerHardDriveJ1,S2501J4
ServerMemory84,S7843Q5
ServerMemoryA4,S7843Q5
ServerMotherboard86,S40897X
ServerMotherboardQ7,S40897X
ServerMotherboardY0,S40897X
ServerO3,S0912X5
ServerPower40,S5291W4
ServerPower76,S5291W4
ServerPowerH6,S5291W4
ServerPowerO3,S5291W4
ServerPowerV7,S5291W4
ServerR5,S0912X5
SetTopBox78,SL87069
SetTopBoxD3,SL87069
SetTopBoxI0,SL87069
SetTopBoxV1,SL87069
SetTopBoxW7,SL87069
ShutterReleaseP4,S1490W6
SlrHandle74,S956G17
SlrHandleU6,S956G17
SoftwareEncryption06,S6I1543
SoftwareEncryption15,S6I1543
SoftwareEncryptionI2,S6I1543
SoftwareEncryptionP5,S6I1543
SoftwareEncryptionY3,S6I1543
SolarWaterHeaters12,S8465W1
SolarWaterHeaters26,S8465W1
SolarWaterHeaters80,S8465W1
SolarWaterHeatersU5,S8465W1
SoundCard61,S03485W
SoundCard93,S03485W
SoundCardE9,S03485W
SoyMilkMachine50,SW03642
SoyMilkMachineF7,SW03642
SoyMilkMachineM1,SW03642
Speaker30,S8104Z6
Speaker31,S8104Z6
SpeakerAccessories69,S93N807
SpeakerAccessories96,S93N807
SpeakerAccessoriesB0,S93N807
SpeakerAccessoriesG0,S93N807
Ssd50,S36N209
Ssd73,S36N209
SteeringWheel49,SY73215
SteeringWheel71,SY73215
SteeringWheel93,SY73215
SteeringWheelI5,SY73215
SurveillanceAroundN5,S15H647
SurveillanceCaptureCard79,SK73928
SurveillanceCaptureCardD5,SK73928
SurveillanceCaptureCardO3,SK73928
Switch59,S3R8754
Tablet82,T035M47
Tablet90,T035M47
TabletBag62,T1239W5
TabletBagG4,T1239W5
TabletBase04,T95761U
TabletBase60,T95761U
TabletBaseW5,T95761U
TabletCase05,T38951Z
TabletD9,T035M47
TabletQ7,T035M47
TabletU8,T035M47
Tape53,T5382D6
TapeDrives59,T739U65
TapeDrivesG3,T739U65
TapeDrivesH2,T739U65
TapeS1,T5382D6
TeachingSoftware73,TI26891
TeachingSoftwareO3,TI26891
Telephone67,T0X9417
TelephoneConference05,T540P67
TelephoneConferenceI1,T540P67
TelephoneConferenceY7,T540P67
TelephoneH7,T0X9417
TelephoneM2,T0X9417
TelephoneU9,T0X9417
Telescope03,TU23769
Telescope92,TU23769
TelescopeL9,TU23769
Tester04,T0E9518
Tester74,T0E9518
TesterO7,T0E9518
ToasterElectricOven06,T9T8140
ToasterElectricOven64,T9T8140
ToasterElectricOvenB8,T9T8140
ToasterElectricOvenO2,T9T8140
ToasterElectricOvenX4,T9T8140
ToiletSeat05,T35X601
ToiletSeatC2,T35X601
ToiletSeatM4,T35X601
ToiletSeatO7,T35X601
ToiletSeatU4,T35X601
TollMachine62,T7E2913
TollMachine89,T7E2913
TollMachineH9,T7E2913
TollMachineJ1,T7E2913
TollMachineU6,T7E2913
Toner79,TF15948
TonerCartridge20,T0829X7
TonerCartridge29,T0829X7
TonerCartridge96,T0829X7
TonerCartridgeH6,T0829X7
TrafficManagement93,T9508D4
TrafficManagementF4,T9508D4
TrafficManagementN0,T9508D4
TransceiverU0,T1749L0
TranslationSoftware03,TT21465
TranslationSoftware40,TT21465
TranslationSoftware97,TT21465
TranslationSoftwareU0,TT21465
Tripod50,T75D268
TripodF5,T75D268
TvBase30,T67P542
TvBase65,T67P542
TvBaseP0,T67P542
TvBaseR1,T67P542
TvBaseT6,T67P542
TvHanger69,T28310Y
TvHanger86,T28310Y
TvPlayer60,TO87603
TvWall19,T1R9247
TvWallQ1,T1R9247
TwistedPair02,TS64823
TwistedPairU0,TS64823
TwistedPairW0,TS64823
UDisk10,U198C32
UDiskJ7,U198C32
UDiskK0,U198C32
UDiskY8,U198C32
UpsPowerShredder19,UL87156
UpsPowerShredder92,UL87156
UpsPowerShredderJ5,UL87156
UpsPowerShredderT4,UL87156
UpsPowerShredderT7,UL87156
VacuumCleaner07,V5W8496
VacuumCleaner75,V5W8496
VacuumCleaner90,V5W8496
VideoCaptureCard04,V56301I
VideoCaptureCard60,V56301I
VideoCaptureCard83,V56301I
VideoDistributorR8,V0147T3
VideoDistributorZ5,V0147T3
VideoGameControllerZ5,V968Q15
VideoServer62,V0W6342
VideoServer94,V0W6342
VideoServerD1,V0W6342
VideoServerX4,V0W6342
VideoServerY0,V0W6342
ViewfinderL1,VM86749
VoiceRecording38,V6Q9754
VoiceRecording52,V6Q9754
VoiceRecordingL5,V6Q9754
VoiceRecordingR0,V6Q9754
Walkie-Talkie31,W318D96
Walkie-TalkieI5,W318D96
WashingMachine56,W08294X
WaterDispenser12,W05C734
WaterDispenserI8,W05C734
WaterDispenserO9,W05C734
WaterDispenserY1,W05C734
WaterHeater40,W1473B8
WaterHeater57,W1473B8
WaterHeater71,W1473B8
WaterHeater94,W1473B8
WirelessAccessPoint23,WJ50817
WirelessAccessPointR1,WJ50817
WirelessAccessPointY0,WJ50817
WirelessAccessPointZ1,WJ50817
WirelessHd53,WC49732
WirelessHdC8,WC49732
WirelessHdS0,WC49732
WirelessHdX1,WC49732
WirelessNetworkCard58,W52V643
WirelessNetworkCardD4,W52V643
WirelessNetworkCardK0,W49310P
WirelessNetworkCardL1,W49310P
WirelessNetworkCardN4,W49310P
WirelessNetworkCardX4,W49310P
WirelessRouter47,WM85971
WirelessSecurity90,W920W86
WirelessSecurityS4,W920W86
Workstation06,W9718W3
WorkstationQ9,W9718W3
WorkstationU5,W9718W3
Yuba48,YS95071
Yuba80,YS95071
YubaE3,YS95071
YubaR4,YS95071
