AccessController53,720
AccessControlMachine78,890
AccessControlMachineA8,350
AccessControlMachineK1,490
AccessControlMachineY2,720
AccessControlSystem78,740
AdapterRing49,20
AdapterRing70,790
AidedDesign24,30
AidedDesign56,790
AidedDesign81,540
AidedDesign96,990
AidedDesignV1,670
Air-ConditioningFan21,140
Air-ConditioningFan38,430
Air-ConditioningFan51,130
Air-ConditioningFan79,180
Air-ConditioningFan81,310
AirConditioner27,220
AirConditioner38,620
AirConditioner71,560
AirConditioner85,970
AirConditionerF9,290
AirPurifierD4,540
AirPurifierO6,200
AirPurifierV6,900
All-In-OnePrintingMachine57,90
All-In-OnePrintingMachineW9,650
AllInOneComputerT0,880
AntennaSystem39,40
Anti-SlipMobilePhone15,240
Anti-SlipMobilePhone26,580
Anti-SlipMobilePhone87,230
Anti-SlipMobilePhoneP4,170
Anti-SlipMobilePhoneP9,150
Anti-TheftAlarmHost23,100
Anti-TheftAlarmHost50,310
Anti-TheftAlarmHost87,760
Anti-TheftAlarmHostN4,230
Anti-TheftAlarmHostW0,760
AntivirusAndEmailFiltering05,600
AntivirusAndEmailFiltering47,830
AntivirusAndEmailFiltering70,320
AntivirusAndEmailFiltering80,800
AntivirusAndEmailFilteringE7,70
AntivirusSoftware09,460
AntivirusSoftwareP9,480
ApplicationSupervision29,760
AttendanceMachine24,410
AttendanceMachine76,980
AttendanceMachineW1,390
AudioAndVideoCableP6,210
BarcodeAndCardReadingEquipment20,90
BarcodeAndCardReadingEquipment27,380
BarcodeAndCardReadingEquipment34,140
BarcodeAndCardReadingEquipment70,640
BarcodeAndCardReadingEquipment71,500
Barebones71,190
BillingSystem06,820
BillingSystemC5,920
BillingSystemI2,100
BindingMachine56,800
BindingMachineM0,740
Binoculars12,390
BinocularsJ1,910
Blu-RayPlayer63,550
Blu-RayPlayerD5,700
Blu-RayPlayerG1,990
BluetoothAdapter64,160
BluetoothAdapterL1,180
BluetoothAdapterP2,760
BuildingIntercom04,940
BuildingIntercom75,80
BuildingIntercom95,970
BuildingIntercomO1,640
Cabinet07,900
Cabinet97,530
CabinetS3,940
CabinetZ3,730
CabinetZ4,140
CableAdapterCardN9,680
CableJ6,910
CallCenterC9,510
Camera35,270
Camera95,860
CameraBag51,420
CameraBagA2,400
CameraBagI1,300
CameraBagX6,680
CameraBattery09,160
CameraBattery26,340
CameraBattery40,910
CameraBatteryO2,760
CameraFilm45,720
CameraFilmO0,360
CameraFilmQ3,420
CameraRemoteK4,920
CameraRemoteO4,140
CardPrinterP8,550
CardReader59,240
CardReaderL3,170
CardReaderQ0,790
CardReaderQ9,780
CarEquipment35,130
CarEquipment57,630
CarEquipment58,370
CarEquipment85,920
CarEquipmentS3,750
CasetteLibrary26,60
CasetteLibraryD5,220
CasetteLibraryI1,370
CasetteLibraryJ4,230
CasetteLibraryT2,340
CashRegister06,940
CashRegister62,790
CashRegister74,570
CashRegisterM3,720
CashRegisterY2,790
Cd-Rom02,650
Cd-Rom67,860
Cd-RomBox49,280
Cd-RomBox81,210
Cd-RomBox87,640
Cd24,850
Cd49,530
Cd74,800
Cd95,190
CdDuplicator58,130
CdPrintRecorder13,540
CdPrintRecorder57,780
CdPrintRecorder59,310
CdPrintRecorderL8,940
CdX0,270
CellPhoneBattery21,210
CellphoneDataLine14,530
CellphoneDataLine26,700
CellphoneDataLineP5,60
CentralControlSystem74,590
CentralControlSystemO7,470
CentralControlSystemU8,470
CentralWaterHeater34,30
CentralWaterHeaterI0,760
CentralWaterHeaterV6,240
CentralWaterHeaterX5,360
Charger01,990
Charger07,70
ChargerD9,420
ChargerF5,330
ChargerU3,790
Chassis83,120
ChassisZ1,810
CleaningAndMaintenance12,790
CleaningAndMaintenanceD0,160
CleaningAndMaintenanceE5,700
CleaningAndMaintenanceY4,830
Cluster15,320
ClusterH8,270
ClusterR4,820
Codec76,590
Codec97,670
CodecH2,850
CoffeeMachine86,20
CoffeeMachineK4,650
CoffeeMachineL7,210
ColdLaminator63,870
ColdLaminator86,370
ColdLaminatorK3,320
ColdLaminatorV6,180
ColorManagementX0,490
CommunicationSoftware13,870
CommunicationSoftware34,870
CommunicationSoftware60,800
ComputerFingerprintEncryptionLock04,520
ComputerFingerprintEncryptionLock83,270
ComputerFingerprintEncryptionLockE3,580
ComputerRemoteControl02,180
ComputerRemoteControlG0,520
ComputerRemoteControlN5,90
ComputerTerminal43,810
ConnectingLine13,470
ConnectingLine29,200
ConnectingLine54,170
ConnectingLine92,780
Console71,230
ConsoleA3,320
Converter21,680
ConverterE1,680
ConverterR3,230
Cpu37,800
Cpu38,830
Cpu60,780
Cpu68,350
CursorMarkingMachine03,870
CursorMarkingMachine84,900
CursorMarkingMachineR0,370
CursorMarkingMachineZ7,520
CustomerManagementSoftwareCrm36,590
CustomerManagementSoftwareCrm49,640
CustomerManagementSoftwareCrm50,580
CustomerManagementSoftwareCrmW1,70
CuttingPlotterD4,840
DatabaseSoftware09,680
DatabaseSoftwareO6,80
DatabaseSoftwareT5,830
Dehumidifier97,300
DehumidifierG3,180
DehumidifierK8,460
DehumidifierP0,410
DehumidifierT0,710
DesktopPc48,480
DesktopPc74,170
DesktopPc78,90
DesktopPcP3,380
DesktopPcZ6,440
DestroyEquipment06,570
DestroyEquipment65,660
DestroyEquipmentM9,690
DevelopSoftware23,100
DigitalAccessoriesD7,960
DigitalAccessoriesL9,470
DigitalCamera56,540
DigitalCamera75,420
DigitalCamera85,110
DigitalCamera90,460
DigitalCameraS4,500
DigitalFrame12,950
DigitalFrame48,510
DigitalFrameE7,360
DigitalMobileTv28,180
DigitalMobileTv84,610
DigitalMobileTvH2,330
DigitalMobileTvO8,510
DigitalMobileTvZ2,940
Digitizer29,760
Digitizer39,640
Digitizer54,370
Digitizer56,130
DigitizerX4,550
Dishwasher18,720
Dishwasher20,230
Dishwasher49,410
DishwasherM7,1000
DisinfectionCabinetQ0,620
DisinfectionCabinetQ3,780
DisinfectionCabinetX2,520
DiskArray34,410
DiskArray38,430
DiskArray57,530
DiskArrayM7,570
DisplayChipB4,220
DotMatrixPrinter76,50
DotMatrixPrinterK1,690
DotMatrixPrinterS4,460
DotMatrixPrinterV1,410
DvdPlayer78,980
DvdPlayer89,770
DvdPlayerG0,330
DvrE9,510
DvrL0,870
DyeSublimationPrinter41,110
DyeSublimationPrinterA3,650
DyeSublimationPrinterW3,760
DyeSublimationPrinterY6,370
E-Book16,140
E-Book87,780
E-BookD6,490
E-BookF8,940
Earphone27,150
Earphone49,440
EarphoneP5,710
EarphoneV5,730
ElectricBakingPan74,290
ElectricBakingPanC6,1000
ElectricBakingPanN2,690
ElectricFan12,730
ElectricFanE2,900
ElectricFanS3,800
ElectricFanU8,230
ElectricFencF6,60
ElectricHeater39,1000
ElectricHeaterE3,660
ElectricHeaterP7,50
ElectricHeaterR1,750
ElectricIron24,730
ElectricIronB1,950
ElectricIronD4,560
ElectricIronD7,530
ElectricKettleR3,570
ElectricToothbrush21,380
ElectricToothbrushX5,840
ElectronicDictionary67,970
ElectronicDictionary86,360
ElectronicDictionaryG3,290
Epilator24,700
EpilatorA8,110
EpilatorO0,710
EpilatorR1,570
EpilatorW2,430
ExhaustFanD8,320
FaxMachineCopierD4,820
FaxMachineCopierV8,910
FaxMachineCopierY2,300
FiberEquipment38,810
FiberEquipmentB0,1000
FiberEquipmentC4,740
FiberEquipmentF2,810
FiberEquipmentH6,1000
FiberOpticCable39,240
FiberOpticCableI3,820
FiberOpticCableT6,730
Filter19,870
Filter91,940
FirewallX5,790
Flash95,410
FlashAccessories02,560
FlashAccessories19,300
FlashAccessories41,460
FlashAccessories76,90
FlashCard87,600
FlashCard95,180
FlashCardG3,720
FlashCardU8,120
FlashU8,760
FlatFilm07,560
FlatFilm23,990
FlatFilm27,610
FlatFilm91,310
FlatFilmT9,760
FocusingScreenP9,30
FocusingScreenR8,350
FocusingScreenU5,810
FocusingScreenU7,540
FocusingScreenU8,350
FootBathEyeProtectionLamp14,760
FootBathEyeProtectionLamp74,720
FootBathEyeProtectionLampG9,210
Freezer65,990
Freezer85,160
FreezerP7,120
FruitAndVegetableWashingMachineF9,650
FruitAndVegetableWashingMachineL2,340
FruitAndVegetableWashingMachineU6,30
FruitAndVegetableWashingMachineX1,580
FruitAndVegetableWashingMachineX6,80
FunctionServerE7,910
FunctionServerO8,520
GameChargerA5,170
GameChargerG5,360
GameChargerK2,20
GameChargerN0,590
GameChargerZ3,460
GameConsoleBattery25,190
GameConsoleBattery50,890
GameConsoleBatteryB1,820
GameConsoleBatteryZ5,430
GameConsoleFilmN2,740
GameConsoleFilmN3,70
GameConsoleMemory17,690
GameJoystick05,820
GameLightGunGamePeripheral93,710
GameLightGunGamePeripheralL5,180
GameMachineWire80,120
GameMachineWire89,850
GameMachineWire98,800
GameMachineWireH5,680
GamePackL5,530
GamePackW4,810
GasStoves79,120
GasWaterHeaterB3,540
GasWaterHeaterF4,80
GasWaterHeaterF8,900
GasWaterHeaterN7,570
GasWaterHeaterS7,790
Gps07,980
Gps21,320
GpsE3,680
GpsI3,680
GraphicsCardC0,380
HairDryer59,50
HairDryerX7,300
Hand-HeldGamingDeviceD7,660
Hand-HeldGamingDeviceL3,510
Hand-HeldGamingDeviceN2,210
Hand-HeldGamingDeviceO6,70
Hand-HeldGamingDeviceR5,840
HandwritingInputE9,120
HardDisk51,280
HardDisk52,360
HardDiskA7,530
HardDiskExtractionBox93,460
HardDiskExtractionBox95,200
HardDiskExtractionBoxA4,270
HardDiskRecording82,450
HardDiskRecordingT5,560
HeatSink10,390
HeatSink24,200
HeatSink95,520
HomeTheater30,130
HomeTheater94,600
Hood15,790
HoodB4,170
HoodP6,590
HoodX9,590
HotelEntertainment63,100
HotelEntertainment81,10
HotelEntertainmentV4,310
HotPot14,480
HotPot92,900
HotPotI6,780
HotPotJ2,230
HumidifierE8,580
HumidifierF6,790
HumidifierY1,850
HumidifierY5,470
HumidifierZ4,610
ImageAlarm30,880
ImageAlarm41,780
ImageAlarm54,360
ImageAlarmA1,930
ImageAlarmM3,150
ImageSoftwareTypesettingSoftware28,250
ImageSoftwareTypesettingSoftwareC6,450
ImageSoftwareTypesettingSoftwareP6,720
InductionCooker21,180
InductionCookerD2,560
InductionCookerE7,780
InductionDetector38,1000
IndustrialControlEquipment34,190
IndustrialControlEquipment60,590
IndustrialControlEquipmentB7,390
IndustrialNetworkSwitchA7,80
IndustrialNetworkSwitchR2,30
InfraredAdapterS3,110
InkCartridgeC4,160
InkCartridgeO9,390
InkCartridgeU4,890
InkCartridgeX2,460
InkjetPrintersS4,560
InkjetPrintersW0,400
IntegratedWiringZ2,360
InternetBehaviorManagement96,920
InternetBehaviorManagementG2,680
InternetLivingRoomFitnessW4,240
IntranetSecurityNetworkVulnerabilityScanningP0,1000
IsbnPrinterA3,650
IsbnPrinterW6,250
JuicerJ9,80
Keyboard28,890
KeyboardAndMouseSet73,370
KeyboardAndMouseSet74,420
KeyboardAndMouseSet90,90
KeyboardAndMouseSetF3,520
KeyboardS0,710
LabelPrinterA6,980
LaminatingMachineC3,590
LaminatingMachineE3,700
LaminatingMachineV6,920
LaminatingMachineY9,160
LaminatorMoDrive12,970
LaminatorMoDrive26,690
LaminatorMoDriveH2,670
LaminatorMoDriveP4,200
Laptop'SBatteryT2,160
Laptop78,480
LaptopA9,490
LaptopC6,610
LaptopDesk43,960
LaptopDesk45,450
LaptopDesk56,850
LaptopDisplay24,830
LaptopDisplayF0,930
LaptopDockingStation45,200
LaptopDockingStation94,620
LaptopDockingStationF9,550
LaptopDockingStationQ9,780
LaptopI7,300
LaptopPowerAdapter37,540
LaptopPowerAdapterD3,920
LargeFormatPrinter95,550
LargeFormatPrinterD9,460
LargeFormatPrinterT5,80
LargeFormatPrinterW0,320
LaserPointersAndPresentersD7,660
LaserPointersAndPresentersE8,40
LaserPointersAndPresentersS3,210
LaserPointersAndPresentersV2,600
LaserPrinterC5,520
LaserPrinterT5,180
LcdMonitor47,630
LcdTv45,420
LcdTvG1,550
LcdTvS3,810
LcdTvV7,870
LensCap93,900
LensCapN9,130
LensCapR5,850
LensCapU7,640
LensD7,630
LensI9,950
LensQ4,260
LightningProtectionProducts26,800
LightningProtectionProductsD6,240
LightningProtectionProductsE4,170
LightningProtectionProductsK9,10
LightningProtectionProductsV0,500
LinePrinter31,460
LinePrinterX7,450
LoadBalancing61,830
LoadBalancingD6,480
LoadBalancingK8,130
LoadBalancingY3,460
LoadBalancingY7,620
MailServerSoftware74,960
Massager63,80
Massager82,70
MassagerU3,260
Micro-WaveOvenJ2,500
MicrophoneDigitalCompanion60,200
MicrophoneDigitalCompanion64,440
MicrophoneDigitalCompanionF7,580
MicrophoneDigitalCompanionX4,730
MicroscopeU0,290
Minicomputer24,730
MobileHardDisk42,60
MobileHardDisk72,460
MobilePhone49,630
MobilePhone56,980
MobilePhoneBaseX8,20
MobilePhoneCarAccessories21,660
MobilePhoneCarAccessories90,60
MobilePhoneCarAccessoriesR1,370
MobilePhoneCarAccessoriesW6,720
MobilePhoneCharger07,680
MobilePhoneChargerD7,180
MobilePhoneChargerF9,740
MobilePhoneCompanion86,200
MobilePhoneCompanionI6,540
MobilePhoneFilm18,420
MobilePhoneFilm78,810
MobilePhoneFilmH3,690
MobilePhoneFilmZ7,240
MobilePhoneJ2,360
MobilePhoneStylus63,900
MobilePhoneStylusX9,440
MobilePower20,930
MobilePowerK1,440
MobilePowerN6,900
MobilePowerO4,240
MobilePowerV4,540
ModularInterfaceCardHub47,970
ModularInterfaceCardHub96,470
MoneyCounter63,280
MoneyCounterA3,110
Monitor57,250
Monitor75,180
Monitor84,370
MonitorB2,720
MonitorF1,960
MonitorH7,630
MonitorO3,650
MonitorU9,870
Monocular31,630
Monocular54,170
MonocularC0,610
MonocularY1,740
MotherboardA2,720
MotherboardChipsetK8,240
MotherboardChipsetY5,690
MotherboardP7,850
MotherboardZ4,580
Mouse12,40
Mouse94,540
MouseB8,130
MouseFootStickerK1,190
MouseG8,190
MousePad98,1000
Mp3A1,900
Mp405,910
Mp437,600
Mp4C9,760
Mp4O7,750
Mp4Z2,230
Multifunctional31,470
Multifunctional39,450
Multifunctional48,340
MultifunctionalF7,440
MultifunctionalT4,90
Multimedia39,750
Multimedia49,870
MultimediaSoftwareA8,710
Multiplexer89,500
MultiplexerL3,550
MultiplexerL4,390
NetworkCardC7,320
NetworkCardG1,780
NetworkCardZ5,840
NetworkExtenderA0,360
NetworkExtenderB5,590
NetworkExtenderL1,930
NetworkManagementAndBackupSoftwarevirtualizationSoftware51,340
NotebookAccessories20,890
NotebookAccessories35,420
NotebookAccessoriesA4,210
NotebookAccessoriesA6,440
NotebookAccessoriesA7,760
NotebookCase03,40
NotebookCase47,250
NotebookCaseF3,480
NotebookCaseP4,530
NotebookCaseZ1,610
NotebookFilm95,630
NotebookFilmY0,780
NotebookFilmZ1,740
OfficeEquipmentAccessories10,530
OfficeEquipmentAccessories21,190
OfficeEquipmentAccessories24,230
OfficeEquipmentAccessories73,830
OfficeEquipmentAccessoriesI1,340
OfficeSoftware20,800
OfficeSoftwareD7,670
OfficeSoftwareS9,10
OfficeSoftwareT1,460
OnlineTelephone15,660
OnlineTelephoneO8,870
OperatingSystemH9,660
OperatingSystemY5,900
OpticalTransceiver15,60
OpticalTransceiver40,440
OpticalTransceiver46,390
OpticalTransceiver76,610
OtherAccessoriesQ9,80
Pager17,290
PaperCutter64,840
PaperCutter65,470
PaperCutterI4,570
PaperCutterV5,10
Pbx05,890
Pbx06,310
Pbx69,640
Pbx97,260
PbxW9,990
PedometerC2,780
PedometerT4,240
PhoneVoiceCardC4,930
PhotoBox56,920
PhotoBox60,820
PhotoBox94,820
PhotoBoxP3,30
PhotoBoxU2,780
PhotocopyingMachineS8,860
PhysicalSecurityIsolation35,620
PhysicalSecurityIsolation71,460
PhysicalSecurityIsolationD9,550
PhysicalSecurityIsolationN5,200
PlasmaTv10,940
PocketPc24,950
PocketPc54,490
PocketPcE0,700
PocketPcN8,170
PocketPcV3,890
PowerAmplifier15,640
PowerAmplifierA3,720
PowerAmplifierJ9,990
PowerLineCommunicationEquipment94,790
PowerLineCommunicationEquipmentZ2,620
PowerSupply63,870
PrecisionAirConditioner90,810
PrecisionAirConditionerG9,900
PrecisionAirConditionerI6,1000
PrecisionAirConditionerK4,40
PrecisionAirConditionerK9,690
PressureCookerP8,10
PressureCookerS7,540
PrinterH8,790
PrinterY4,400
PrintMedia70,610
PrintMediaD1,380
PrintMediaL2,340
PrintMediaP9,680
PrintMediaY8,10
PrintServer04,350
PrintServer18,170
PrintServerV0,840
PrintServerX4,340
Program-ControlledSwitchB0,340
Program-ControlledSwitchD8,830
Program-ControlledSwitchS2,480
Program-ControlledSwitchS6,100
Program-ControlledSwitchZ8,150
RadioYogurtMaker75,260
RadioYogurtMaker82,870
RadioYogurtMaker92,140
RadioYogurtMakerP4,80
RadioYogurtMakerR4,590
Ram93,10
RamY9,60
RamZ7,590
RangeHood35,870
RangeHoodC9,890
RangeHoodE2,880
RangeHoodI8,300
RangeHoodO1,630
Razor72,970
ReadingMachine54,270
ReadingMachineQ3,480
RealEstateL1,50
RealEstateW0,460
ReceiptPrinter06,730
ReceiptPrinter76,440
RecordingPenA3,30
RecordingPenM2,210
RecordingPenR9,470
RefrigeratorZ7,70
RemoteControl83,780
RemoteControlI4,630
RemoteControlJ8,390
RemoteControlL3,630
RemoteControlU8,940
Repeater18,120
Repeater97,970
RepeaterB1,320
RepeaterK4,250
RepeaterV9,250
Ribbon17,60
Ribbon48,600
RibbonD5,180
RibbonS0,520
RiceCooker18,410
Router48,920
Router92,190
RouterB5,670
RouterX4,710
SaasSoftware94,780
SaasSoftwareE0,590
SaasSoftwareK7,850
SaasSoftwareY1,40
SaasSoftwareZ5,880
Scanner21,880
Scanner43,820
Scanner87,120
ScannerO9,550
ScreenSplitter58,230
ScreenSplitterA3,530
ScreenSplitterB7,390
ScreenSplitterN4,300
ScreenSplitterX5,730
SecurityCamera25,570
SecurityCamera42,20
SecurityCameraS5,550
SecurityCameraY2,230
SerialCommunicationServer64,970
SerialCommunicationServer74,220
SerialCommunicationServerE9,170
SerialCommunicationServerN8,570
SerialCommunicationServerP5,650
Server40,670
Server43,870
ServerAccessories10,440
ServerAccessories38,770
ServerAccessoriesC2,570
ServerAccessoriesO3,140
ServerBarebones96,620
ServerBarebonesH4,70
ServerBarebonesM0,720
ServerBarebonesT3,70
ServerChassis71,950
ServerChassis79,260
ServerChassisH9,380
ServerHardDrive17,120
ServerHardDrive65,780
ServerHardDriveB3,910
ServerHardDriveJ1,100
ServerMemory84,110
ServerMemoryA4,470
ServerMotherboard86,550
ServerMotherboardQ7,140
ServerMotherboardY0,70
ServerO3,900
ServerPower40,670
ServerPower76,470
ServerPowerH6,770
ServerPowerO3,860
ServerPowerV7,390
ServerR5,650
SetTopBox78,150
SetTopBoxD3,70
SetTopBoxI0,170
SetTopBoxV1,270
SetTopBoxW7,500
ShutterReleaseP4,740
SlrHandle74,730
SlrHandleU6,160
SoftwareEncryption06,90
SoftwareEncryption15,600
SoftwareEncryptionI2,50
SoftwareEncryptionP5,70
SoftwareEncryptionY3,80
SolarWaterHeaters12,590
SolarWaterHeaters26,50
SolarWaterHeaters80,420
SolarWaterHeatersU5,230
SoundCard61,170
SoundCard93,240
SoundCardE9,180
SoyMilkMachine50,970
SoyMilkMachineF7,820
SoyMilkMachineM1,250
Speaker30,160
Speaker31,630
SpeakerAccessories69,610
SpeakerAccessories96,370
SpeakerAccessoriesB0,580
SpeakerAccessoriesG0,300
Ssd50,270
Ssd73,930
SteeringWheel49,850
SteeringWheel71,830
SteeringWheel93,10
SteeringWheelI5,700
SurveillanceAroundN5,590
SurveillanceCaptureCard79,710
SurveillanceCaptureCardD5,200
SurveillanceCaptureCardO3,120
Switch59,880
Tablet82,380
Tablet90,240
TabletBag62,30
TabletBagG4,630
TabletBase04,390
TabletBase60,540
TabletBaseW5,360
TabletCase05,260
TabletD9,460
TabletQ7,880
TabletU8,460
Tape53,580
TapeDrives59,970
TapeDrivesG3,90
TapeDrivesH2,600
TapeS1,40
TeachingSoftware73,670
TeachingSoftwareO3,260
Telephone67,910
TelephoneConference05,850
TelephoneConferenceI1,630
TelephoneConferenceY7,50
TelephoneH7,420
TelephoneM2,580
TelephoneU9,870
Telescope03,630
Telescope92,550
TelescopeL9,950
Tester04,70
Tester74,810
TesterO7,840
ToasterElectricOven06,820
ToasterElectricOven64,670
ToasterElectricOvenB8,110
ToasterElectricOvenO2,400
ToasterElectricOvenX4,300
ToiletSeat05,150
ToiletSeatC2,650
ToiletSeatM4,390
ToiletSeatO7,810
ToiletSeatU4,200
TollMachine62,510
TollMachine89,990
TollMachineH9,730
TollMachineJ1,30
TollMachineU6,530
Toner79,90
TonerCartridge20,230
TonerCartridge29,950
TonerCartridge96,130
TonerCartridgeH6,570
TrafficManagement93,580
TrafficManagementF4,690
TrafficManagementN0,580
TransceiverU0,430
TranslationSoftware03,120
TranslationSoftware40,660
TranslationSoftware97,770
TranslationSoftwareU0,160
Tripod50,580
TripodF5,140
TvBase30,500
TvBase65,80
TvBaseP0,350
TvBaseR1,680
TvBaseT6,990
TvHanger69,570
TvHanger86,230
TvPlayer60,990
TvWall19,300
TvWallQ1,330
TwistedPair02,420
TwistedPairU0,450
TwistedPairW0,400
UDisk10,30
UDiskJ7,10
UDiskK0,530
UDiskY8,270
UpsPowerShredder19,110
UpsPowerShredder92,700
UpsPowerShredderJ5,820
UpsPowerShredderT4,760
UpsPowerShredderT7,540
VacuumCleaner07,310
VacuumCleaner75,680
VacuumCleaner90,270
VideoCaptureCard04,520
VideoCaptureCard60,750
VideoCaptureCard83,410
VideoDistributorR8,590
VideoDistributorZ5,890
VideoGameControllerZ5,360
VideoServer62,260
VideoServer94,980
VideoServerD1,760
VideoServerX4,730
VideoServerY0,880
ViewfinderL1,610
VoiceRecording38,520
VoiceRecording52,720
VoiceRecordingL5,350
VoiceRecordingR0,310
Walkie-Talkie31,980
Walkie-TalkieI5,220
WashingMachine56,630
WaterDispenser12,810
WaterDispenserI8,20
WaterDispenserO9,760
WaterDispenserY1,80
WaterHeater40,840
WaterHeater57,620
WaterHeater71,780
WaterHeater94,20
WirelessAccessPoint23,910
WirelessAccessPointR1,490
WirelessAccessPointY0,770
WirelessAccessPointZ1,220
WirelessHd53,770
WirelessHdC8,810
WirelessHdS0,940
WirelessHdX1,710
WirelessNetworkCard58,940
WirelessNetworkCardD4,280
WirelessNetworkCardK0,790
WirelessNetworkCardL1,40
WirelessNetworkCardN4,950
WirelessNetworkCardX4,580
WirelessRouter47,20
WirelessSecurity90,60
WirelessSecurityS4,330
Workstation06,60
WorkstationQ9,590
WorkstationU5,890
Yuba48,330
Yuba80,70
YubaE3,710
YubaR4,40
