A02N847,Audio And Video Cable
A08264O,Antivirus And Email Filtering
A094G67,Access Controller
A273M51,Anti-Slip Mobile Phone
A31Y204,All In One Computer
A35J746,Air Conditioner
A37260X,Anti-Theft Alarm Host
A392R56,Antivirus Software
A4158M9,Access Control System
A4A8763,Attendance Machine
A50L172,Air-Conditioning Fan
A58192Z,Access Control Machine
A59027Z,Aided Design
A794O23,Adapter Ring
AA85346,All-In-One Printing Machine
AE80564,Air Purifier
AE91287,Application Supervision
AU79605,Antenna System
B189A57,Bluetooth Adapter
B239N58,Building Intercom
B306F21,Barebones
B56K283,Blu-Ray Player
B830R57,Barcode And Card Reading Equipment
B8E1796,Binoculars
BE04182,Binding Machine
BP82450,Billing System
C02614Q,Cpu
C04R672,Converter
C186H47,Connecting Line
C1F0953,Computer Fingerprint Encryption Lock
C2056I7,Cabinet
C21057Z,Cutting Plotter
C2698S3,Console
C2B7139,Central Control System
C2F0671,Cd
C367T20,Communication Software
C3752Y9,Camera Battery
C37A594,Camera Bag
C45R631,Codec
C46258Y,Cleaning And Maintenance
C48967S,Charger
C58G293,Camera Film
C63081N,Cd Duplicator
C634K72,Cash Register
C681E75,Cell Phone Battery
C6C1349,Coffee Machine
C6C1543,Color Management
C741G20,Card Reader
C7826A5,Computer Remote Control
C78629B,Cd Print Recorder
C7G8396,Cellphone Data Line
C8739R1,Call Center
C91D367,Camera
C9520Y6,Cold Laminator
C95F078,Casette Library
C96H382,Cluster
C97014N,Cable
C98142A,Camera Remote
C9W7563,Card Printer
CC50327,Central Water Heater
CF29758,Cd-Rom Box
CG63821,Computer Terminal
CM46520,Cable Adapter Card
CN93120,Chassis
CO19853,Cd-Rom
CS90168,Customer Management Software Crm
CY08734,Cursor Marking Machine
CZ28413,Car Equipment
D0Q2543,Desktop Pc
D0W8356,Digital Mobile Tv
D1G4290,Digitizer
D230D47,Dishwasher
D265U39,Dye Sublimation Printer
D50A198,Digital Camera
D51962U,Dehumidifier
D56294N,Dvr
D68950Z,Digital Frame
D7903R1,Disk Array
D7Y5182,Destroy Equipment
D8150P6,Dot Matrix Printer
D8560Q1,Digital Camera
D93P178,Develop Software
DB83217,Disinfection Cabinet
DD18704,Digital Accessories
DE13695,Display Chip
DR28405,Database Software
DT47956,Dvd Player
E2L5374,Electric Kettle
E4280M5,Epilator
E6N2308,Electronic Dictionary
E738Y40,Electric Toothbrush
E7R6098,E-Book
E895N12,Earphone
E8T2037,Electric Heater
E9G8372,Exhaust Fan
EE05684,Electric Iron
ER04531,Electric Fenc
EU82057,Electric Baking Pan
EZ12538,Electric Fan
F1L0847,Foot Bath Eye Protection Lamp
F24170J,Fruit And Vegetable Washing Machine
F40365I,Fiber Optic Cable
F4K6753,Firewall
F6L2495,Flash Card
F76983D,Flash Accessories
F790I64,Flash
F8E7125,Fax Machine Copier
F9135R4,Freezer
F9N8470,Focusing Screen
FC40169,Function Server
FG91426,Fiber Equipment
FJ71643,Filter
FK39705,Flat Film
G053V91,Game Light Gun Game Peripheral
G071O86,Game Machine Wire
G21467A,Gps
G427L06,Game Console Film
G58A216,Gas Stoves
G70Z416,Graphics Card
G75X306,Game Console Memory
G80142H,Game Console Battery
G8573U9,Game Joystick
G9372K0,Game Charger
GC81302,Gas Water Heater
GS13927,Game Pack
H089L35,Hood
H18Z450,Hard Disk Extraction Box
H239M48,Hard Disk
H362I81,Hair Dryer
H4239U1,Handwriting Input
H5684K7,Hard Disk
H64578X,Heat Sink
H7143H9,Hot Pot
H7Y6824,Hand-Held Gaming Device
H8713D4,Hard Disk Recording
H9842K1,Hard Disk
HD86793,Humidifier
HI14706,Hotel Entertainment
HW53167,Home Theater
I072X68,Industrial Network Switch
I1M6430,Image Software Typesetting Software
I291Q38,Isbn Printer
I357B21,Internet Behavior Management
I36Z941,Image Alarm
I41V392,Ink Cartridge
I436H05,Internet Living Room Fitness
I53862I,Integrated Wiring
I79Y023,Infrared Adapter
I8206B5,Induction Cooker
I94V518,Industrial Control Equipment
IQ87164,Inkjet Printers
IY01329,Induction Detector
IZ80719,Intranet Security Network Vulnerability Scanning
JS30927,Juicer
K62879Z,Keyboard And Mouse Set
K7458M2,Keyboard
L0528N6,Laminator Mo Drive
L0X9362,Laser Printer
L15649H,Line Printer
L17546O,Laptop Docking Station
L29837Y,Laser Pointers And Presenters
L47869Q,Lightning Protection Products
L504L71,Laptop Power Adapter
L5T1069,Lcd Monitor
L60241X,Label Printer
L7B6430,Laptop'S Battery
L7P4035,Laptop Desk
L85R920,Load Balancing
L891S65,Lcd Tv
L8930C4,Laptop Display
L8N0649,Laptop
L903I17,Lens Cap
L92148E,Large Format Printer
LO12047,Lens
LR91308,Laminating Machine
M0467E1,Mobile Phone Film
M108M47,Micro-Wave Oven
M2348K0,Mobile Hard Disk
M2589S0,Mp3
M320L69,Motherboard Chipset
M328K91,Monitor
M40V792,Mobile Phone Charger
M421X86,Multifunctional
M4329T8,Multimedia
M489T70,Mouse Pad
M48J309,Mail Server Software
M4Y8765,Multimedia Software
M5809H7,Motherboard
M62870K,Massager
M6328D7,Mouse
M70628E,Mobile Phone Base
M713N46,Microscope
M79W815,Mobile Phone Car Accessories
M859T76,Modular Interface Card Hub
M85D039,Monitor
M8I1749,Monocular
M97X845,Mobile Power
M9J6453,Mp4
M9P8604,Mobile Phone Stylus
MC32085,Money Counter
ME59832,Mouse Foot Sticker
MG73026,Mobile Phone Companion
ML18593,Minicomputer
MM72065,Multiplexer
MR46392,Mobile Phone
MR92570,Microphone Digital Companion
N13J804,Notebook Case
N2364L9,Network Management And Backup Softwarevirtualization Software
N62Z458,Notebook Accessories
N74Y235,Network Extender
N89L425,Network Card
NY39107,Notebook Film
O032T69,Online Telephone
O36987R,Operating System
O853L07,Other Accessories
O8C6513,Office Software
O9F4205,Office Equipment Accessories
OP18549,Optical Transceiver
P02C741,Paper Cutter
P09Y825,Pocket Pc
P1275R8,Print Server
P15647X,Plasma Tv
P1D2567,Phone Voice Card
P20O395,Pedometer
P3650F7,Precision Air Conditioner
P4052D1,Photo Box
P41857Y,Physical Security Isolation
P45Q120,Photocopying Machine
P56U187,Power Amplifier
P6398B4,Pressure Cooker
P6O1843,Pager
P7604Q5,Pbx
P8130N9,Printer
P968H24,Power Supply
P9L0284,Program-Controlled Switch
PI37560,Power Line Communication Equipment
PY35974,Print Media
R04W892,Ribbon
R243J08,Remote Control
R2I4560,Real Estate
R39U102,Refrigerator
R45327J,Rice Cooker
R54810N,Repeater
R58049A,Reading Machine
R5F0782,Router
R6713Q9,Razor
R6K1395,Ram
R7248S9,Recording Pen
R796N84,Range Hood
R81O564,Radio Yogurt Maker
RC12709,Receipt Printer
RZ42653,Repeater
S03485W,Sound Card
S0912X5,Server
S1490W6,Shutter Release
S15H647,Surveillance Around
S2180L4,Serial Communication Server
S2501J4,Server Hard Drive
S36N209,Ssd
S3R8754,Switch
S40897X,Server Motherboard
S5291W4,Server Power
S6I1543,Software Encryption
S7843Q5,Server Memory
S7K6834,Screen Splitter
S7Z8134,Server Chassis
S8104Z6,Speaker
S8465W1,Solar Water Heaters
S86042Z,Security Camera
S92348F,Server Accessories
S93N807,Speaker Accessories
S956G17,Slr Handle
SB01298,Scanner
SE17564,Server Barebones
SK73928,Surveillance Capture Card
SL87069,Set Top Box
SR61908,Saas Software
SW03642,Soy Milk Machine
SY73215,Steering Wheel
T035M47,Tablet
T0829X7,Toner Cartridge
T0E9518,Tester
T0X9417,Telephone
T1239W5,Tablet Bag
T1749L0,Transceiver
T1R9247,Tv Wall
T28310Y,Tv Hanger
T35X601,Toilet Seat
T38951Z,Tablet Case
T5382D6,Tape
T540P67,Telephone Conference
T67P542,Tv Base
T739U65,Tape Drives
T75D268,Tripod
T7E2913,Toll Machine
T9508D4,Traffic Management
T95761U,Tablet Base
T9T8140,Toaster Electric Oven
TF15948,Toner
TI26891,Teaching Software
TO87603,Tv Player
TS64823,Twisted Pair
TT21465,Translation Software
TU23769,Telescope
U198C32,U Disk
UL87156,Ups Power Shredder
V0147T3,Video Distributor
V0W6342,Video Server
V56301I,Video Capture Card
V5W8496,Vacuum Cleaner
V6Q9754,Voice Recording
V968Q15,Video Game Controller
VM86749,Viewfinder
W05C734,Water Dispenser
W08294X,Washing Machine
W1473B8,Water Heater
W318D96,Walkie-Talkie
W49310P,Wireless Network Card
W52V643,Wireless Network Card
W920W86,Wireless Security
W9718W3,Workstation
WC49732,Wireless Hd
WJ50817,Wireless Access Point
WM85971,Wireless Router
YS95071,Yuba
